<metadata xml:lang="en"><Esri><CreaDate>20230913</CreaDate><CreaTime>11125700</CreaTime><ArcGISFormat>1.0</ArcGISFormat><SyncOnce>FALSE</SyncOnce><DataProperties><itemProps><itemName Sync="TRUE">S2_20230912_FloodExtent_Derna</itemName><imsContentType Sync="TRUE">002</imsContentType><itemLocation><linkage Sync="TRUE">file://\\unosatdata02\gis\LY_Libya\GeoData\UNOSAT\Data_to_Process\FL20230912LBY\Teodoro\Geodata\GDB\FL20230912LBY_SHP\S2_20230912_FloodExtent_Derna.shp</linkage><protocol Sync="TRUE">Local Area Network</protocol></itemLocation><itemSize Sync="TRUE">0.000</itemSize></itemProps><coordRef><type Sync="TRUE">Geographic</type><geogcsn Sync="TRUE">GCS_WGS_1984</geogcsn><csUnits Sync="TRUE">Angular Unit: Degree (0.017453)</csUnits><peXml Sync="TRUE">&lt;GeographicCoordinateSystem xsi:type='typens:GeographicCoordinateSystem' xmlns:xsi='http://www.w3.org/2001/XMLSchema-instance' xmlns:xs='http://www.w3.org/2001/XMLSchema' xmlns:typens='http://www.esri.com/schemas/ArcGIS/3.0.0'&gt;&lt;WKT&gt;GEOGCS[&amp;quot;GCS_WGS_1984&amp;quot;,DATUM[&amp;quot;D_WGS_1984&amp;quot;,SPHEROID[&amp;quot;WGS_1984&amp;quot;,6378137.0,298.257223563]],PRIMEM[&amp;quot;Greenwich&amp;quot;,0.0],UNIT[&amp;quot;Degree&amp;quot;,0.0174532925199433],AUTHORITY[&amp;quot;EPSG&amp;quot;,4326]],VERTCS[&amp;quot;EGM96_Geoid&amp;quot;,VDATUM[&amp;quot;EGM96_Geoid&amp;quot;],PARAMETER[&amp;quot;Vertical_Shift&amp;quot;,0.0],PARAMETER[&amp;quot;Direction&amp;quot;,1.0],UNIT[&amp;quot;Meter&amp;quot;,1.0],AUTHORITY[&amp;quot;EPSG&amp;quot;,5773]]&lt;/WKT&gt;&lt;XOrigin&gt;-400&lt;/XOrigin&gt;&lt;YOrigin&gt;-400&lt;/YOrigin&gt;&lt;XYScale&gt;11258999068426.238&lt;/XYScale&gt;&lt;ZOrigin&gt;-100000&lt;/ZOrigin&gt;&lt;ZScale&gt;10000&lt;/ZScale&gt;&lt;MOrigin&gt;-100000&lt;/MOrigin&gt;&lt;MScale&gt;10000&lt;/MScale&gt;&lt;XYTolerance&gt;8.983152841195215e-09&lt;/XYTolerance&gt;&lt;ZTolerance&gt;0.001&lt;/ZTolerance&gt;&lt;MTolerance&gt;0.001&lt;/MTolerance&gt;&lt;HighPrecision&gt;true&lt;/HighPrecision&gt;&lt;LeftLongitude&gt;-180&lt;/LeftLongitude&gt;&lt;WKID&gt;4326&lt;/WKID&gt;&lt;LatestWKID&gt;4326&lt;/LatestWKID&gt;&lt;VCSWKID&gt;5773&lt;/VCSWKID&gt;&lt;LatestVCSWKID&gt;5773&lt;/LatestVCSWKID&gt;&lt;/GeographicCoordinateSystem&gt;</peXml></coordRef><lineage><Process ToolSource="c:\program files\arcgis\pro\Resources\ArcToolbox\Toolboxes\Data Management Tools.tbx\CopyMultiple" Date="20230913" Time="111259">CopyMultiple "\\unosatdata02\gis\LY_Libya\GeoData\UNOSAT\Data_to_Process\FL20230912LBY\Teodoro\Geodata\GDB\EventCodeISODateISO3CountryCode.gdb\Flood_Data\Flood_Water FeatureClass" \\unosatdata02\gis\LY_Libya\GeoData\UNOSAT\Data_to_Process\FL20230912LBY\Teodoro\Geodata\GDB\FL20230912LBY.gdb\Flood_Data Flood_Water "Flood_Water FeatureClass Flood_Water #"</Process><Process ToolSource="c:\program files\arcgis\pro\Resources\ArcToolbox\Toolboxes\Data Management Tools.tbx\Rename" Date="20230913" Time="111321">Rename \\unosatdata02\gis\LY_Libya\GeoData\UNOSAT\Data_to_Process\FL20230912LBY\Teodoro\Geodata\GDB\FL20230912LBY.gdb\Flood_Data\Flood_Water \\unosatdata02\gis\LY_Libya\GeoData\UNOSAT\Data_to_Process\FL20230912LBY\Teodoro\Geodata\GDB\FL20230912LBY.gdb\Flood_Data\S2_20230912_FloodExtent_Derna FeatureClass</Process><Process ToolSource="c:\program files\arcgis\pro\Resources\ArcToolbox\toolboxes\Data Management Tools.tbx\Append" Date="20230913" Time="111443">Append FloodExtent_Smooth_100m_v2 \\unosatdata02\gis\LY_Libya\GeoData\UNOSAT\Data_to_Process\FL20230912LBY\Teodoro\Geodata\GDB\FL20230912LBY.gdb\Flood_Data\S2_20230912_FloodExtent_Derna "Use the field map to reconcile field differences" "Water_Class "Water_Class" true true false 2 Short 0 0,First,#;Sensor_ID "Sensor_ID" true true false 4 Long 0 0,First,#,\\unosatdata02\gis\LY_Libya\GeoData\UNOSAT\Data_to_Process\FL20230912LBY\Teodoro\Geodata\UNOSAT\S2_20230912\FloodExtent_Smooth_100m_v2.shp,Sensor_ID,-1,-1;Sensor_Date "Sensor_Date" true true false 8 Date 0 0,First,#;Confidence_ID "Confidence_ID" true true false 2 Short 0 0,First,#;Field_Validation "Field_Validation" true true false 2 Short 0 0,First,#;Water_StatusID "Water_StatusID" true true false 4 Long 0 0,First,#;Notes "Notes" true true false 50 Text 0 0,First,#,\\unosatdata02\gis\LY_Libya\GeoData\UNOSAT\Data_to_Process\FL20230912LBY\Teodoro\Geodata\UNOSAT\S2_20230912\FloodExtent_Smooth_100m_v2.shp,Notes,0,50;Area_m2 "Area_m2" true true false 8 Double 0 0,First,#,\\unosatdata02\gis\LY_Libya\GeoData\UNOSAT\Data_to_Process\FL20230912LBY\Teodoro\Geodata\UNOSAT\S2_20230912\FloodExtent_Smooth_100m_v2.shp,Area_m2,-1,-1;Area_ha "Area_ha" true true false 8 Double 0 0,First,#,\\unosatdata02\gis\LY_Libya\GeoData\UNOSAT\Data_to_Process\FL20230912LBY\Teodoro\Geodata\UNOSAT\S2_20230912\FloodExtent_Smooth_100m_v2.shp,Area_ha,-1,-1;SenorID_old "SenorID_old" true true false 2 Short 0 0,First,#;StaffID "StaffID" true true false 4 Long 0 0,First,#,\\unosatdata02\gis\LY_Libya\GeoData\UNOSAT\Data_to_Process\FL20230912LBY\Teodoro\Geodata\UNOSAT\S2_20230912\FloodExtent_Smooth_100m_v2.shp,StaffID,-1,-1;EventCode "EventCode" true true false 200 Text 0 0,First,#,\\unosatdata02\gis\LY_Libya\GeoData\UNOSAT\Data_to_Process\FL20230912LBY\Teodoro\Geodata\UNOSAT\S2_20230912\FloodExtent_Smooth_100m_v2.shp,EventCode,0,200" # #</Process><Process ToolSource="c:\program files\arcgis\pro\Resources\ArcToolbox\toolboxes\Data Management Tools.tbx\CalculateGeometryAttributes" Date="20230913" Time="112043">CalculateGeometryAttributes S2_20230912_FloodExtent_Derna "Area_ha AREA_GEODESIC" # Hectares PROJCS["WGS_1984_UTM_Zone_34N",GEOGCS["GCS_WGS_1984",DATUM["D_WGS_1984",SPHEROID["WGS_1984",6378137.0,298.257223563]],PRIMEM["Greenwich",0.0],UNIT["Degree",0.0174532925199433]],PROJECTION["Transverse_Mercator"],PARAMETER["False_Easting",500000.0],PARAMETER["False_Northing",0.0],PARAMETER["Central_Meridian",21.0],PARAMETER["Scale_Factor",0.9996],PARAMETER["Latitude_Of_Origin",0.0],UNIT["Meter",1.0]] "Same as input"</Process><Process ToolSource="c:\program files\arcgis\pro\Resources\ArcToolbox\toolboxes\Data Management Tools.tbx\CalculateGeometryAttributes" Date="20230913" Time="112052">CalculateGeometryAttributes S2_20230912_FloodExtent_Derna "Area_m2 AREA_GEODESIC" # "Square Meters" PROJCS["WGS_1984_UTM_Zone_34N",GEOGCS["GCS_WGS_1984",DATUM["D_WGS_1984",SPHEROID["WGS_1984",6378137.0,298.257223563]],PRIMEM["Greenwich",0.0],UNIT["Degree",0.0174532925199433]],PROJECTION["Transverse_Mercator"],PARAMETER["False_Easting",500000.0],PARAMETER["False_Northing",0.0],PARAMETER["Central_Meridian",21.0],PARAMETER["Scale_Factor",0.9996],PARAMETER["Latitude_Of_Origin",0.0],UNIT["Meter",1.0]] "Same as input"</Process><Process ToolSource="c:\program files\arcgis\pro\Resources\ArcToolbox\toolboxes\Data Management Tools.tbx\CalculateGeometryAttributes" Date="20230913" Time="115334">CalculateGeometryAttributes S2_20230912_FloodExtent_Derna "Area_m2 AREA_GEODESIC" # "Square Meters" PROJCS["WGS_1984_UTM_Zone_34N",GEOGCS["GCS_WGS_1984",DATUM["D_WGS_1984",SPHEROID["WGS_1984",6378137.0,298.257223563]],PRIMEM["Greenwich",0.0],UNIT["Degree",0.0174532925199433]],PROJECTION["Transverse_Mercator"],PARAMETER["False_Easting",500000.0],PARAMETER["False_Northing",0.0],PARAMETER["Central_Meridian",21.0],PARAMETER["Scale_Factor",0.9996],PARAMETER["Latitude_Of_Origin",0.0],UNIT["Meter",1.0]] "Same as input"</Process><Process ToolSource="c:\program files\arcgis\pro\Resources\ArcToolbox\toolboxes\Data Management Tools.tbx\CalculateGeometryAttributes" Date="20230913" Time="115346">CalculateGeometryAttributes S2_20230912_FloodExtent_Derna "Area_ha AREA_GEODESIC" # Hectares PROJCS["WGS_1984_UTM_Zone_34N",GEOGCS["GCS_WGS_1984",DATUM["D_WGS_1984",SPHEROID["WGS_1984",6378137.0,298.257223563]],PRIMEM["Greenwich",0.0],UNIT["Degree",0.0174532925199433]],PROJECTION["Transverse_Mercator"],PARAMETER["False_Easting",500000.0],PARAMETER["False_Northing",0.0],PARAMETER["Central_Meridian",21.0],PARAMETER["Scale_Factor",0.9996],PARAMETER["Latitude_Of_Origin",0.0],UNIT["Meter",1.0]] "Same as input"</Process><Process ToolSource="c:\program files\arcgis\pro\Resources\ArcToolbox\toolboxes\Conversion Tools.tbx\FeatureClassToFeatureClass" Date="20230913" Time="120311">FeatureClassToFeatureClass \\unosatdata02\gis\LY_Libya\GeoData\UNOSAT\Data_to_Process\FL20230912LBY\Teodoro\Geodata\GDB\FL20230912LBY.gdb\Flood_Data\S2_20230912_FloodExtent_Derna \\unosatdata02\gis\LY_Libya\GeoData\UNOSAT\Data_to_Process\FL20230912LBY\Teodoro\Geodata\GDB\FL20230912LBY_SHP S2_20230912_FloodExtent_Derna.shp # "Water_Class "Water_Class" true true false 2 Short 0 0,First,#,\\unosatdata02\gis\LY_Libya\GeoData\UNOSAT\Data_to_Process\FL20230912LBY\Teodoro\Geodata\GDB\FL20230912LBY.gdb\Flood_Data\S2_20230912_FloodExtent_Derna,Water_Class,-1,-1;Sensor_ID "Sensor_ID" true true false 4 Long 0 0,First,#,\\unosatdata02\gis\LY_Libya\GeoData\UNOSAT\Data_to_Process\FL20230912LBY\Teodoro\Geodata\GDB\FL20230912LBY.gdb\Flood_Data\S2_20230912_FloodExtent_Derna,Sensor_ID,-1,-1;Sensor_Date "Sensor_Date" true true false 8 Date 0 0,First,#,\\unosatdata02\gis\LY_Libya\GeoData\UNOSAT\Data_to_Process\FL20230912LBY\Teodoro\Geodata\GDB\FL20230912LBY.gdb\Flood_Data\S2_20230912_FloodExtent_Derna,Sensor_Date,-1,-1;Confidence_ID "Confidence_ID" true true false 2 Short 0 0,First,#,\\unosatdata02\gis\LY_Libya\GeoData\UNOSAT\Data_to_Process\FL20230912LBY\Teodoro\Geodata\GDB\FL20230912LBY.gdb\Flood_Data\S2_20230912_FloodExtent_Derna,Confidence_ID,-1,-1;Field_Validation "Field_Validation" true true false 2 Short 0 0,First,#,\\unosatdata02\gis\LY_Libya\GeoData\UNOSAT\Data_to_Process\FL20230912LBY\Teodoro\Geodata\GDB\FL20230912LBY.gdb\Flood_Data\S2_20230912_FloodExtent_Derna,Field_Validation,-1,-1;Water_StatusID "Water_StatusID" true true false 4 Long 0 0,First,#,\\unosatdata02\gis\LY_Libya\GeoData\UNOSAT\Data_to_Process\FL20230912LBY\Teodoro\Geodata\GDB\FL20230912LBY.gdb\Flood_Data\S2_20230912_FloodExtent_Derna,Water_StatusID,-1,-1;Notes "Notes" true true false 50 Text 0 0,First,#,\\unosatdata02\gis\LY_Libya\GeoData\UNOSAT\Data_to_Process\FL20230912LBY\Teodoro\Geodata\GDB\FL20230912LBY.gdb\Flood_Data\S2_20230912_FloodExtent_Derna,Notes,0,50;Area_m2 "Area_m2" true true false 8 Double 0 0,First,#,\\unosatdata02\gis\LY_Libya\GeoData\UNOSAT\Data_to_Process\FL20230912LBY\Teodoro\Geodata\GDB\FL20230912LBY.gdb\Flood_Data\S2_20230912_FloodExtent_Derna,Area_m2,-1,-1;Area_ha "Area_ha" true true false 8 Double 0 0,First,#,\\unosatdata02\gis\LY_Libya\GeoData\UNOSAT\Data_to_Process\FL20230912LBY\Teodoro\Geodata\GDB\FL20230912LBY.gdb\Flood_Data\S2_20230912_FloodExtent_Derna,Area_ha,-1,-1;SenorID_old "SenorID_old" true true false 2 Short 0 0,First,#,\\unosatdata02\gis\LY_Libya\GeoData\UNOSAT\Data_to_Process\FL20230912LBY\Teodoro\Geodata\GDB\FL20230912LBY.gdb\Flood_Data\S2_20230912_FloodExtent_Derna,SenorID_old,-1,-1;StaffID "StaffID" true true false 4 Long 0 0,First,#,\\unosatdata02\gis\LY_Libya\GeoData\UNOSAT\Data_to_Process\FL20230912LBY\Teodoro\Geodata\GDB\FL20230912LBY.gdb\Flood_Data\S2_20230912_FloodExtent_Derna,StaffID,-1,-1;EventCode "EventCode" true true false 200 Text 0 0,First,#,\\unosatdata02\gis\LY_Libya\GeoData\UNOSAT\Data_to_Process\FL20230912LBY\Teodoro\Geodata\GDB\FL20230912LBY.gdb\Flood_Data\S2_20230912_FloodExtent_Derna,EventCode,0,200;SHAPE_Length "SHAPE_Length" false true true 8 Double 0 0,First,#,\\unosatdata02\gis\LY_Libya\GeoData\UNOSAT\Data_to_Process\FL20230912LBY\Teodoro\Geodata\GDB\FL20230912LBY.gdb\Flood_Data\S2_20230912_FloodExtent_Derna,SHAPE_Length,-1,-1;SHAPE_Area "SHAPE_Area" false true true 8 Double 0 0,First,#,\\unosatdata02\gis\LY_Libya\GeoData\UNOSAT\Data_to_Process\FL20230912LBY\Teodoro\Geodata\GDB\FL20230912LBY.gdb\Flood_Data\S2_20230912_FloodExtent_Derna,SHAPE_Area,-1,-1" #</Process></lineage></DataProperties><SyncDate>20230913</SyncDate><SyncTime>12031100</SyncTime><ModDate>20230913</ModDate><ModTime>12031100</ModTime></Esri><dataIdInfo><envirDesc Sync="TRUE">Microsoft Windows 10 Version 10.0 (Build 19045) ; Esri ArcGIS 13.0.0.36056</envirDesc><dataLang><languageCode value="eng" Sync="TRUE"></languageCode><countryCode value="USA" Sync="TRUE"></countryCode></dataLang><idCitation><resTitle Sync="TRUE">S2_20230912_FloodExtent_Derna</resTitle><presForm><PresFormCd value="005" Sync="TRUE"></PresFormCd></presForm></idCitation><spatRpType><SpatRepTypCd value="001" Sync="TRUE"></SpatRepTypCd></spatRpType></dataIdInfo><mdLang><languageCode value="eng" Sync="TRUE"></languageCode><countryCode value="USA" Sync="TRUE"></countryCode></mdLang><distInfo><distFormat><formatName Sync="TRUE">Shapefile</formatName></distFormat><distTranOps><transSize Sync="TRUE">0.000</transSize></distTranOps></distInfo><mdHrLv><ScopeCd value="005" Sync="TRUE"></ScopeCd></mdHrLv><mdHrLvName Sync="TRUE">dataset</mdHrLvName><refSysInfo><RefSystem><refSysID><identCode code="4326" Sync="TRUE"></identCode><idCodeSpace Sync="TRUE">EPSG</idCodeSpace><idVersion Sync="TRUE">6.2(3.0.1)</idVersion></refSysID></RefSystem></refSysInfo><spatRepInfo><VectSpatRep><geometObjs Name="S2_20230912_FloodExtent_Derna"><geoObjTyp><GeoObjTypCd value="002" Sync="TRUE"></GeoObjTypCd></geoObjTyp><geoObjCnt Sync="TRUE">0</geoObjCnt></geometObjs><topLvl><TopoLevCd value="001" Sync="TRUE"></TopoLevCd></topLvl></VectSpatRep></spatRepInfo><spdoinfo><ptvctinf><esriterm Name="S2_20230912_FloodExtent_Derna"><efeatyp Sync="TRUE">Simple</efeatyp><efeageom code="4" Sync="TRUE"></efeageom><esritopo Sync="TRUE">FALSE</esritopo><efeacnt Sync="TRUE">0</efeacnt><spindex Sync="TRUE">FALSE</spindex><linrefer Sync="TRUE">FALSE</linrefer></esriterm></ptvctinf></spdoinfo><eainfo><detailed Name="S2_20230912_FloodExtent_Derna"><enttyp><enttypl Sync="TRUE">S2_20230912_FloodExtent_Derna</enttypl><enttypt Sync="TRUE">Feature Class</enttypt><enttypc Sync="TRUE">0</enttypc></enttyp><attr><attrlabl Sync="TRUE">FID</attrlabl><attalias Sync="TRUE">FID</attalias><attrtype Sync="TRUE">OID</attrtype><attwidth Sync="TRUE">4</attwidth><atprecis Sync="TRUE">0</atprecis><attscale Sync="TRUE">0</attscale><attrdef Sync="TRUE">Internal feature number.</attrdef><attrdefs Sync="TRUE">Esri</attrdefs><attrdomv><udom Sync="TRUE">Sequential unique whole numbers that are automatically generated.</udom></attrdomv></attr><attr><attrlabl Sync="TRUE">SHAPE</attrlabl><attalias Sync="TRUE">Shape</attalias><attrtype Sync="TRUE">Geometry</attrtype><attwidth Sync="TRUE">0</attwidth><atprecis Sync="TRUE">0</atprecis><attscale Sync="TRUE">0</attscale><attrdef Sync="TRUE">Feature geometry.</attrdef><attrdefs Sync="TRUE">Esri</attrdefs><attrdomv><udom Sync="TRUE">Coordinates defining the features.</udom></attrdomv></attr><attr><attrlabl Sync="TRUE">Water_Clas</attrlabl><attalias Sync="TRUE">Water_Clas</attalias><attrtype Sync="TRUE">Integer</attrtype><attwidth Sync="TRUE">5</attwidth><atprecis Sync="TRUE">5</atprecis><attscale Sync="TRUE">0</attscale></attr><attr><attrlabl Sync="TRUE">Sensor_ID</attrlabl><attalias Sync="TRUE">Sensor_ID</attalias><attrtype Sync="TRUE">Integer</attrtype><attwidth Sync="TRUE">10</attwidth><atprecis Sync="TRUE">10</atprecis><attscale Sync="TRUE">0</attscale></attr><attr><attrlabl Sync="TRUE">Sensor_Dat</attrlabl><attalias Sync="TRUE">Sensor_Dat</attalias><attrtype Sync="TRUE">Date</attrtype><attwidth Sync="TRUE">8</attwidth><atprecis Sync="TRUE">0</atprecis><attscale Sync="TRUE">0</attscale></attr><attr><attrlabl Sync="TRUE">Confidence</attrlabl><attalias Sync="TRUE">Confidence</attalias><attrtype Sync="TRUE">Integer</attrtype><attwidth Sync="TRUE">5</attwidth><atprecis Sync="TRUE">5</atprecis><attscale Sync="TRUE">0</attscale></attr><attr><attrlabl Sync="TRUE">Field_Vali</attrlabl><attalias Sync="TRUE">Field_Vali</attalias><attrtype Sync="TRUE">Integer</attrtype><attwidth Sync="TRUE">5</attwidth><atprecis Sync="TRUE">5</atprecis><attscale Sync="TRUE">0</attscale></attr><attr><attrlabl Sync="TRUE">Water_Stat</attrlabl><attalias Sync="TRUE">Water_Stat</attalias><attrtype Sync="TRUE">Integer</attrtype><attwidth Sync="TRUE">10</attwidth><atprecis Sync="TRUE">10</atprecis><attscale Sync="TRUE">0</attscale></attr><attr><attrlabl Sync="TRUE">Notes</attrlabl><attalias Sync="TRUE">Notes</attalias><attrtype Sync="TRUE">String</attrtype><attwidth Sync="TRUE">50</attwidth><atprecis Sync="TRUE">0</atprecis><attscale Sync="TRUE">0</attscale></attr><attr><attrlabl Sync="TRUE">Area_m2</attrlabl><attalias Sync="TRUE">Area_m2</attalias><attrtype Sync="TRUE">Double</attrtype><attwidth Sync="TRUE">19</attwidth><atprecis Sync="TRUE">0</atprecis><attscale Sync="TRUE">0</attscale></attr><attr><attrlabl Sync="TRUE">Area_ha</attrlabl><attalias Sync="TRUE">Area_ha</attalias><attrtype Sync="TRUE">Double</attrtype><attwidth Sync="TRUE">19</attwidth><atprecis Sync="TRUE">0</atprecis><attscale Sync="TRUE">0</attscale></attr><attr><attrlabl Sync="TRUE">SenorID_ol</attrlabl><attalias Sync="TRUE">SenorID_ol</attalias><attrtype Sync="TRUE">Integer</attrtype><attwidth Sync="TRUE">5</attwidth><atprecis Sync="TRUE">5</atprecis><attscale Sync="TRUE">0</attscale></attr><attr><attrlabl Sync="TRUE">SHAPE_Area</attrlabl><attalias Sync="TRUE">SHAPE_Area</attalias><attrtype Sync="TRUE">Double</attrtype><attwidth Sync="TRUE">19</attwidth><atprecis Sync="TRUE">0</atprecis><attscale Sync="TRUE">0</attscale><attrdef Sync="TRUE">Area of feature in internal units squared.</attrdef><attrdefs Sync="TRUE">Esri</attrdefs><attrdomv><udom Sync="TRUE">Positive real numbers that are automatically generated.</udom></attrdomv></attr><attr><attrlabl Sync="TRUE">StaffID</attrlabl><attalias Sync="TRUE">StaffID</attalias><attrtype Sync="TRUE">Integer</attrtype><attwidth Sync="TRUE">10</attwidth><atprecis Sync="TRUE">10</atprecis><attscale Sync="TRUE">0</attscale></attr><attr><attrlabl Sync="TRUE">SHAPE_Leng</attrlabl><attalias Sync="TRUE">SHAPE_Leng</attalias><attrtype Sync="TRUE">Double</attrtype><attwidth Sync="TRUE">19</attwidth><atprecis Sync="TRUE">0</atprecis><attscale Sync="TRUE">0</attscale></attr><attr><attrlabl Sync="TRUE">EventCode</attrlabl><attalias Sync="TRUE">EventCode</attalias><attrtype Sync="TRUE">String</attrtype><attwidth Sync="TRUE">200</attwidth><atprecis Sync="TRUE">0</atprecis><attscale Sync="TRUE">0</attscale></attr><attr><attrlabl Sync="TRUE">d_Water_Cl</attrlabl><attalias Sync="TRUE">d_Water_Cl</attalias><attrtype Sync="TRUE">String</attrtype><attwidth Sync="TRUE">254</attwidth><atprecis Sync="TRUE">0</atprecis><attscale Sync="TRUE">0</attscale></attr><attr><attrlabl Sync="TRUE">d_Sensor_I</attrlabl><attalias Sync="TRUE">d_Sensor_I</attalias><attrtype Sync="TRUE">String</attrtype><attwidth Sync="TRUE">254</attwidth><atprecis Sync="TRUE">0</atprecis><attscale Sync="TRUE">0</attscale></attr><attr><attrlabl Sync="TRUE">d_Confiden</attrlabl><attalias Sync="TRUE">d_Confiden</attalias><attrtype Sync="TRUE">String</attrtype><attwidth Sync="TRUE">254</attwidth><atprecis Sync="TRUE">0</atprecis><attscale Sync="TRUE">0</attscale></attr><attr><attrlabl Sync="TRUE">d_Field_Va</attrlabl><attalias Sync="TRUE">d_Field_Va</attalias><attrtype Sync="TRUE">String</attrtype><attwidth Sync="TRUE">254</attwidth><atprecis Sync="TRUE">0</atprecis><attscale Sync="TRUE">0</attscale></attr><attr><attrlabl Sync="TRUE">d_Water_St</attrlabl><attalias Sync="TRUE">d_Water_St</attalias><attrtype Sync="TRUE">String</attrtype><attwidth Sync="TRUE">254</attwidth><atprecis Sync="TRUE">0</atprecis><attscale Sync="TRUE">0</attscale></attr><attr><attrlabl Sync="TRUE">d_SenorID_</attrlabl><attalias Sync="TRUE">d_SenorID_</attalias><attrtype Sync="TRUE">String</attrtype><attwidth Sync="TRUE">254</attwidth><atprecis Sync="TRUE">0</atprecis><attscale Sync="TRUE">0</attscale></attr><attr><attrlabl Sync="TRUE">d_StaffID</attrlabl><attalias Sync="TRUE">d_StaffID</attalias><attrtype Sync="TRUE">String</attrtype><attwidth Sync="TRUE">254</attwidth><atprecis Sync="TRUE">0</atprecis><attscale Sync="TRUE">0</attscale></attr></detailed></eainfo><mdDateSt Sync="TRUE">20230913</mdDateSt></metadata>
